"Time of Day","Process Name","PID","Operation","Path","Result","Detail"
"10:10:49.2740855 PM","2.exe","3680","RegCreateKey","HKLM\SOFTWARE\WOW6432Node\Policies\Microsoft\Windows\TenantRestrictions\Payload","REPARSE","Desired Access: Query Value"
"10:10:49.2740996 PM","2.exe","3680","RegCreateKey","HKLM\SOFTWARE\Policies\Microsoft\Windows\TenantRestrictions\Payload","SUCCESS","Desired Access: Query Value, Disposition: REG_OPENED_EXISTING_KEY"
"10:10:49.2745681 PM","2.exe","3680","RegCreateKey","HKLM\SOFTWARE\Policies\Microsoft\Windows\TenantRestrictions\Payload","SUCCESS","Desired Access: Notify, Disposition: REG_OPENED_EXISTING_KEY"
"10:10:49.2746430 PM","2.exe","3680","RegCreateKey","HKLM\SOFTWARE\WOW6432Node\Policies\Microsoft\Windows\TenantRestrictions\Payload","REPARSE","Desired Access: Query Value"
"10:10:49.2746536 PM","2.exe","3680","RegCreateKey","HKLM\SOFTWARE\Policies\Microsoft\Windows\TenantRestrictions\Payload","SUCCESS","Desired Access: Query Value, Disposition: REG_OPENED_EXISTING_KEY"
"10:10:49.2957476 PM","2.exe","3680","RegCreateKey","HKLM\SOFTWARE\WOW6432Node\Policies\Microsoft\Windows\TenantRestrictions\Payload","REPARSE","Desired Access: Query Value"
"10:10:49.2957590 PM","2.exe","3680","RegCreateKey","HKLM\SOFTWARE\Policies\Microsoft\Windows\TenantRestrictions\Payload","SUCCESS","Desired Access: Query Value, Disposition: REG_OPENED_EXISTING_KEY"
"10:10:49.2959851 PM","2.exe","3680","RegCreateKey","HKLM\SOFTWARE\Policies\Microsoft\Windows\TenantRestrictions\Payload","SUCCESS","Desired Access: Notify, Disposition: REG_OPENED_EXISTING_KEY"
"10:10:49.2960584 PM","2.exe","3680","RegCreateKey","HKLM\SOFTWARE\WOW6432Node\Policies\Microsoft\Windows\TenantRestrictions\Payload","REPARSE","Desired Access: Query Value"
"10:10:49.2961135 PM","2.exe","3680","RegCreateKey","HKLM\SOFTWARE\Policies\Microsoft\Windows\TenantRestrictions\Payload","SUCCESS","Desired Access: Query Value, Disposition: REG_OPENED_EXISTING_KEY"
"10:10:49.3190702 PM","2.exe","3680","RegSetValue","HKCU\SOFTWARE\Microsoft\Windows\CurrentVersion\Internet Settings\5.0\Cache\Content\CachePrefix","SUCCESS","Type: REG_SZ, Length: 2, Data: "
"10:10:49.3208042 PM","2.exe","3680","RegSetValue","HKCU\SOFTWARE\Microsoft\Windows\CurrentVersion\Internet Settings\5.0\Cache\Cookies\CachePrefix","SUCCESS","Type: REG_SZ, Length: 16, Data: Cookie:"
"10:10:49.3238243 PM","2.exe","3680","RegSetValue","HKCU\SOFTWARE\Microsoft\Windows\CurrentVersion\Internet Settings\5.0\Cache\History\CachePrefix","SUCCESS","Type: REG_SZ, Length: 18, Data: Visited:"
"10:10:49.3617854 PM","2.exe","3680","RegCreateKey","HKCU\Software\Microsoft\Windows\CurrentVersion\Internet Settings\ZoneMap\","SUCCESS","Desired Access: Read/Write, Disposition: REG_OPENED_EXISTING_KEY"
"10:10:49.3643333 PM","2.exe","3680","RegSetValue","HKCU\SOFTWARE\Microsoft\Windows\CurrentVersion\Internet Settings\ZoneMap\ProxyBypass","SUCCESS","Type: REG_DWORD, Length: 4, Data: 1"
"10:10:49.3644362 PM","2.exe","3680","RegSetValue","HKCU\SOFTWARE\Microsoft\Windows\CurrentVersion\Internet Settings\ZoneMap\IntranetName","SUCCESS","Type: REG_DWORD, Length: 4, Data: 1"
"10:10:49.3644521 PM","2.exe","3680","RegSetValue","HKCU\SOFTWARE\Microsoft\Windows\CurrentVersion\Internet Settings\ZoneMap\UNCAsIntranet","SUCCESS","Type: REG_DWORD, Length: 4, Data: 1"
"10:10:49.3644628 PM","2.exe","3680","RegSetValue","HKCU\SOFTWARE\Microsoft\Windows\CurrentVersion\Internet Settings\ZoneMap\AutoDetect","SUCCESS","Type: REG_DWORD, Length: 4, Data: 0"
"10:10:49.3680902 PM","2.exe","3680","RegSetValue","HKCU\SOFTWARE\Microsoft\Windows\CurrentVersion\Internet Settings\ZoneMap\ProxyBypass","SUCCESS","Type: REG_DWORD, Length: 4, Data: 1"
"10:10:49.3681472 PM","2.exe","3680","RegSetValue","HKCU\SOFTWARE\Microsoft\Windows\CurrentVersion\Internet Settings\ZoneMap\IntranetName","SUCCESS","Type: REG_DWORD, Length: 4, Data: 1"
"10:10:49.3681627 PM","2.exe","3680","RegSetValue","HKCU\SOFTWARE\Microsoft\Windows\CurrentVersion\Internet Settings\ZoneMap\UNCAsIntranet","SUCCESS","Type: REG_DWORD, Length: 4, Data: 1"
"10:10:49.3682134 PM","2.exe","3680","RegSetValue","HKCU\SOFTWARE\Microsoft\Windows\CurrentVersion\Internet Settings\ZoneMap\AutoDetect","SUCCESS","Type: REG_DWORD, Length: 4, Data: 0"
"10:12:13.5249728 PM","2.exe","3680","RegCreateKey","HKLM\System\CurrentControlSet\Services\Tcpip\Parameters","REPARSE","Desired Access: Read"
"10:12:13.5249862 PM","2.exe","3680","RegCreateKey","HKLM\System\CurrentControlSet\Services\Tcpip\Parameters","SUCCESS","Desired Access: Read, Disposition: REG_OPENED_EXISTING_KEY"
"10:12:13.5251680 PM","2.exe","3680","RegCreateKey","HKLM\System\CurrentControlSet\Services\Tcpip\Parameters","REPARSE","Desired Access: Read"
"10:12:13.5251771 PM","2.exe","3680","RegCreateKey","HKLM\System\CurrentControlSet\Services\Tcpip\Parameters","SUCCESS","Desired Access: Read, Disposition: REG_OPENED_EXISTING_KEY"
"10:12:13.5253906 PM","2.exe","3680","RegCreateKey","HKLM\System\CurrentControlSet\Services\Tcpip\Parameters","REPARSE","Desired Access: Read"
"10:12:13.5254004 PM","2.exe","3680","RegCreateKey","HKLM\System\CurrentControlSet\Services\Tcpip\Parameters","SUCCESS","Desired Access: Read, Disposition: REG_OPENED_EXISTING_KEY"
"10:19:35.3267530 PM","2.exe","3680","RegSetValue","HKLM\SOFTWARE\Microsoft\Windows NT\CurrentVersion\Notifications\Data\418A073AA3BC3475","SUCCESS","Type: REG_BINARY, Length: 260, Data: D1 01 00 00 00 00 00 00 04 00 04 00 01 02 04 00"
"10:19:35.3291580 PM","2.exe","3680","RegSetValue","HKLM\SOFTWARE\Microsoft\Windows NT\CurrentVersion\Notifications\Data\418A073AA3BC1C75","SUCCESS","Type: REG_BINARY, Length: 612, Data: DD 01 00 00 00 00 00 00 04 00 04 00 01 00 01 00"
